id, name, menus_appeared, times_appeared, first_appeared, last_appeared, lowest_price, highest_price, times_appeared_calc
101301,HAMBURGER BEEFSTEAK WITH ONIONS,2,1,1900,1900,0,0,2
1023,SOUPS,92,92,1898,1987,0.05,1.65,93
1029,ENTREES,70,73,1897,2006,,,74
10301,PEAR,542,625,,1968,0,25,626
1049,LETTUCE SALAD,1566,1680,1881,1974,0,40,1681
110880,HALF SHELL BLUE POINTS,9,8,1900,1917,0.2,20,9
112,FRUIT,1917,2004,1854,,0,40,1996
1177,OLIVES,4323,4557,1858,1980,0,35,4559
1232,COMPOTE OF ASSORTED FRUITS,36,36,1900,1969,0.45,1.25,37
123864,MENU,8,7,1907,1966,,,9
127023,SIRLOIN STEAK FOR TWO WITH MUSHROOMS,7,6,1900,1914,1,1.6,7
1294,CLAM CHOWDER,479,537,1864,1987,0,200,538
13425,ROAST SQUAB,81,82,1892,1965,0.5,1.85,81
137277,CERVEZA,3,0,1958,1958,0,0,2
13801,CARROTS A LA VICHY,20,19,1900,1938,0.15,3,20
138424,ENGLISH CHEDDAR CHEESE,15,47,1881,1957,0,0.5,48
139400,FRESH VEGETABLE SOUP,32,38,1932,1962,0,4.5,39
1397,BEERS ON DRAUGHT,2,1,1900,1900,0,0,2
143,BACON AND EGGS,472,499,1889,1987,0,25,500
148983,CLOSERIE DES LILLAS,1,-1,2012,2012,0,0,1
163,CHARLOTTE RUSSE,822,898,1851,1973,0,30,899
1699,"OMELETTE, PLAIN",254,253,1882,1961,0.15,40,255
17,CAVIAR,506,535,1880,1987,0,75,536
17367,PUNCH CARDINAL,18,19,1897,1918,0.2,0.3,18
17410,OMELETTE WITH CHICKEN LIVER,25,24,1892,1943,0.3,1.5,25
1742,ESCAROLE,268,316,1892,1961,0.15,60,317
1753,RUSSIAN SALAD,83,82,1891,1981,0.15,100,83
1845,LOBSTER A LA NEWBURG,240,249,1892,1969,0.4,80,250
18637,THREE,6,10,1901,1917,0.2,20,12
2001,"OMELET, PLAIN",188,189,1858,1946,0.15,20,190
2016,SQUAB,497,555,1884,1918,0,125,556
2025,MANHATTAN,330,346,1896,1999,0,85,347
208,LUNCHEON,19,18,1900,1993,0.65,0.65,19
208607,CHILLED HEARTS OF CELERY,8,7,1969,1969,0,0,8
214582,GNOCCHI ROMAINE,7,10,1917,1974,0,1.4,11
223497,LE SAUMON FUMEE D'ECOSSE,2,-2,1965,1965,0,0,1
22354,"ROAST BEEF, HOT",9,7,1900,1913,0.15,30,9
2291,FROZEN PUDDING,76,78,1888,1970,0.1,20,79
2340,COLD TONGUE,297,297,1859,1972,0,35,298
2410,CONSOMME WITH RICE,97,100,1892,1966,0.1,25,101
246,TENDERLOIN STEAK,588,610,1858,1980,0.15,80,611
2482,GRAVES,208,224,1886,2012,0,100,225
261967,RACK OF LAMB,2,2,1924,1977,1.5,6.95,3
26216,SHREDDED POTATOES,1,0,1900,1900,,,1
266209,COLD BORSCHT,4,2,1941,1952,0.35,0.6,4
2691,MARTINI COCKTAIL,201,202,1899,1978,0,1.25,207
27,OYSTERS,289,292,1862,1963,0,35,293
2716,WHISKEY SOUR,252,263,1900,1987,0,15,264
271608,COLD ROAST PORK AND POTATO SALAD,29,28,1913,1961,0.25,30,29
28135,TOMATES,48,47,1880,1972,0,35,48
28351,CAPE COD OYSTERS,281,300,1893,1987,0,45,299
286,SCRAMBLED EGGS,571,586,1853,1987,0,28,587
2978,ASPARAGUS,577,596,1854,1985,0,35,597
305423,ARTICHOKE HOLLANDAISE,41,40,1914,1987,0.2,2.75,41
308370,FRESH APPLE SAUCE,23,24,1912,1948,0.05,0.25,25
310049,OLYMPIA OYSTERS COCKTAIL,4,3,1937,1947,0.2,1.2,4
328701,COMBINATION SEA FOOD COCKTAIL,3,3,1938,1940,0.45,0.75,4
3405,PICKLED WALNUTS,318,323,1889,1974,0,20,324
3480,60,2,4,1914,1914,,,6
349776,PETIT ARTICHOKE MARINIERE,29,29,1933,1933,0.5,0.5,30
3626,CONSOMME COLBERT,48,46,1888,,0,0.5,49
3730,CRANBERRY PIE,97,97,1858,1914,0.05,10,98
373834,WHISKIES - -IRISH,1,2,1900,1900,,,1
374279,MILK TOAST,231,265,,1958,0,25,266
374280,CREAM TOAST,144,159,,1958,0,40,158
375161,HAM SANDWICH,160,162,1899,1920,0,0.5,163
375501,MAYFLOWER SARSAPARILLA,2,3,1920,1920,0.3,0.3,2
376444,CRAB MEAT SALAD,134,142,1912,1959,0.3,2.25,143
377669,SWISS CHEESE SANDWICH,84,85,1894,1981,0.05,2.75,86
378960,APPLE CAKE,33,35,1905,1919,0.05,0.15,36
378969,POMMERY BRUT,1,2,1913,1913,4.25,4.25,1
380896,ROAST BEEF PER CUT,43,42,1912,1916,0.5,0.6,43
381075,KOLDT BORD,2,0,1915,1916,,,2
381859,MARTINI COCKTAIL,7,12,1906,1916,0,0.4,7
382077,RAMESES CIGARETTES,1,4,1916,1916,,,1
383209,"TWO EGGS, BOILED, FRIED, SCRAMBLED OR POACHED",10,9,1914,1917,0.15,15,10
383972,PEACHES AND CREAM,36,37,1913,1918,0.15,15,38
384303,"FRIED SCALLOPS, TARTAR SAUCE",130,130,1894,,0,3.25,133
384812,"LONG ISLAND SHORE DINNER: CELERY, SPRING ONIONS, OLIVES, STEAMED CLAMS OR CLAMS ON HALF SHELL, LONG ISLAND CLAM CHOWDER, BROILED MONTAUK LOBSTER, FRESH SUCCOTASH, JULIENNE POTATOES, GREEN SALAD, CHILLED WATERMELON, CHOICE OF ICE CREAMS, HUCKLEBERRY PIE, APPLE PIE, RASPBERRY ICE, COFFEE OR TEA",1,0,1939,1939,3,3,1
385833,"MONOPOLE, RED TOP",43,43,1914,1928,2.25,7,44
386846,OMELETTE AU KIRSCH,21,20,1913,1918,0.45,0.75,21
386865,"CONSOMME, HOT OR COLD, IN CUP",14,13,1917,1918,0.1,0.35,14
388556,"FRIED SMELTS, SAUCE TARTARE",6,5,1917,1918,0.6,0.65,6
389375,MOSCATO SPUMANTE WINE,6,5,1918,1918,1.25,3.75,6
395601,BROILED NORTH RIVER SHAD,7,7,1901,1913,0.2,0.35,8
398262,BLACKBERRIES WITH CREAM,3,2,1917,1917,0.25,0.25,4
400430,NONOS A L'INDOUSTAN,3,2,1917,1917,0.4,0.4,3
400433,"GOMBO, HOT OR COLD, IN CUP",2,1,1917,1917,0.4,0.4,2
400451,EMINCE DE VOLAILLE (CHICKEN) A LA KING,3,2,1917,1917,1.25,1.25,3
400454,FILET MIGNON CARMEN,3,2,1917,1917,1.5,1.5,3
400609,FRESH VEGETABLE SOUP,11,13,1917,1958,0.1,0.4,12
418814,LA PETITE MARMITE HENRI IV- A LEGEND IN SOUPS. GARDEN FRESH VEGETABLES COOKED IN SUCCULENT BOTH OF CHICKEN AND BEEF. TRULY A CLASSIC.,1,2,1967,1967,,,1
42,PRESERVED FIGS,257,259,1889,1969,0,30,260
426872,BLUE POINTS,31,37,1899,1914,0.3,0.3,39
433542,"GERMAN APPLE TART, WHIPPED CREAM",1,0,1914,1914,0.2,0.2,1
435966,IMPERIAL EGGS,1,0,1914,1914,0.45,0.45,1
436812,BEEF BROTH WITH VEGETABLES OR RICE,1,0,1914,1914,0.1,0.1,1
4372,BLANC MANGE,62,61,1852,1966,0,0.25,62
441478,"COFFEE, DE LUXE STYLE",1,0,1914,1914,,,1
441592,SOLE ANGLAISE,8,8,1914,1914,1.25,1.25,9
446227,LARGE CHICKEN SALAD,9,8,1913,1914,0.55,0.6,9
453981,KALTER AUFSCHMITT (ASSORTED CUTS),2,0,,,0,0,1
454283,"STEAMED CLAMS, SHORE STYLE",3,2,,,0,0,3
454549,IMPORTED ALLGAUER CHEESE,9,10,1913,1913,0.2,0.25,12
455791,"PRIME RIBS OF BEEF WITH EXTRA CUT, BAKED POTATOES",1,2,,,0,0,1
460639,"EGGS, SHIRRED A LA COQUELICOT",3,1,,,0,0,2
460969,"CHICKEN HALF, BROILED",2,0,,,0,0,1
461345,BROILED ON TOAST,2,1,1913,1913,0.4,0.5,2
489526,SIRLOIN STEAK PRIMÃ© AU POIVRE FLAMBÃ© Ã  L'ARMAGNAC,1,2,1973,1973,,,1
492960,"CONSOMMÃ© DE VOLAILLE, JULIENNE DE LEGUMES",1,0,1980,1980,,,1
4986,CHILI SAUCE,92,93,1884,1941,0,4,94
50074,"LITTLE NECK CLAMS, ROAST IN SHELL",2,2,1901,1907,0,0,3
504210,"BONE STEAK, WITH MUSHROOMS",1,0,1913,1913,0.55,0.55,1
5083,PIE A LA MODE,233,238,1900,1987,0,40,239
510718,HOBRO AKVAVIT,1,-3,1912,1912,,,1
515375,AALBORG,1,-1,,,0,0,1
52553,CHERRYSTONE CLAMS,64,100,1891,1959,0.2,0.75,102
53584,"CLAM JUICE IN CUP, HOT",1,0,1901,1907,0.1,0.15,1
544,OYSTER STEW,431,455,1882,1982,0,50,456
56487,POMMES DAUPHINE,20,20,1895,1972,0.25,0.25,21
5719,"CONSOMME, BRUNOISE",107,122,1885,1969,0,15,123
66055,"CRAB MEAT, A LA MARYLAND",2,1,1907,1907,0.65,0.65,2
6731,BAKED APPLE AND CREAM,69,73,1899,1969,0,10,74
68224,STEWED FRESH TOMATOES,58,87,1905,1969,0.2,1.5,88
7215,RUSSIAN TURNIPS,10,10,1900,1930,0.05,0.15,11
72815,CHICKEN A LA KING,132,134,1905,1979,0,7.1,135
795,CHEESE,1558,1595,,1990,0,40,1596
8116,PLUM PUDDING,86,87,1865,1947,0.05,60,88
81807,MERINGUE PIE,13,12,1882,1918,0.05,0.1,13
83,MASHED POTATOES,2575,2662,1852,2012,0,15,2665
8314,"LITTLE NECK CLAMS, STEAMED",42,44,1889,1917,0.2,60,45
83459,APPLE (1),19,19,1907,1949,0.1,0.2,20
83696,HASHED POTATOES,11,10,1881,1918,0.1,0.2,11
894,FRIED POTATOES,565,579,1856,1987,0,15,580
95,ICE CREAM,1052,1171,1880,1993,0,20,1172
9833,STEWED PARSNIPS,40,43,1866,1921,0.05,0.35,44
