id, name, sponsor, event, venue_1, venue_2, venue_3, venue_4, venue_5, place, physical_description_1, physical_description_2, physical_description_3, physical_description_4, physical_description_5, physical_description_6, occassion_1, occassion_2, notes, call_number, date, location, currency, currency_symbol, status, page_count, dish_count
12478,,,,,,,,,,,,,,,,,,,,1900-04-18T00:00:00Z,OCCIDENTAL & ORIENTAL,,,complete,2,24
12584,,,,,,,,,,,,,,,,,,,,1900-04-15T00:00:00Z,REPUBLICAN HOUSE,,,complete,2,34
12588,,,,,,,,,,,,,,,,,,,,1900-04-16T00:00:00Z,CANADIAN PACIFIC RAILWAY COMPANY,,,complete,2,36
12598,,,,,,,,,,,,,,,,,,,,1900-04-18T00:00:00Z,OCCIDENTAL & ORIENTAL,,,complete,2,24
12621,,,,,,,,,,,,,,,,,,,,1900-04-23T00:00:00Z,CUNARD LINE,DOLLARS,$,complete,2,102
12622,,,,,,,,,,,,,,,,,,,,1900-04-23T00:00:00Z,CUNARD LINE,DOLLARS,$,complete,2,102
12635,,,,,,,,,,,,,,,,,,,,1888-10-15T00:00:00Z,THE ALBANY,,,complete,2,30
12650,,,,,,,,,,,,,,,,,,,,1900-02-26T00:00:00Z,RED STAR LINE,,,complete,2,16
12652,,,,,,,,,,,,,,,,,,,,1900-02-26T00:00:00Z,RED STAR LINE,,,complete,2,16
12662,,,,,,,,,,,,,,,,,,,,1900-03-30T00:00:00Z,ANCIENT & ACCEPTED SCOTTISH RITE (MASONIC LODGE),,,complete,4,18
12697,,,,,,,,,,,,,,,,,,,,1900-03-31T00:00:00Z,HADDON HALL,,,complete,2,60
12698,,,,,,,,,,,,,,,,,,,,1900-03-31T00:00:00Z,HADDON HALL,,,complete,2,55
13183,,,,,,,,,,,,,,,,,,,,1900-04-15T00:00:00Z,CAFE BOULEVARD,DOLLARS,$,complete,2,16
13232,,,,,,,,,,,,,,,,,,,,1900-06-14T00:00:00Z,NEW YORK YACHT CLUB,DOLLARS,$,complete,2,96
13591,,,,,,,,,,,,,,,,,,,,1901-05-08T00:00:00Z,CIGAR LEAF TOBACCO BOARD OF TRADE OF THE UNITED STATES,,,complete,2,27
14539,,,,,,,,,,,,,,,,,,,,1900-04-15T00:00:00Z,REPUBLICAN HOUSE,,,complete,2,34
14590,,,,,,,,,,,,,,,,,,,,1888-10-15T00:00:00Z,THE ALBANY,,,complete,2,30
14617,,,,,,,,,,,,,,,,,,,,1900-03-30T00:00:00Z,ANCIENT & ACCEPTED SCOTTISH RITE (MASONIC LODGE),,,complete,4,18
14662,,,,,,,,,,,,,,,,,,,,1900-01-01T00:00:00Z,HOTEL DE FRANCE,,,complete,2,8
14669,,,,,,,,,,,,,,,,,,,,1900-08-24T00:00:00Z,HOTEL VICTORY,,,complete,2,33
14724,,,,,,,,,,,,,,,,,,,,1900-02-28T00:00:00Z,RED STAR LINE,,,complete,2,16
14839,,,,,,,,,,,,,,,,,,,,1900-02-21T00:00:00Z,HASKIN'S RESTAURANT,DOLLARS,$,complete,2,83
14846,,,,,,,,,,,,,,,,,,,,1900-02-18T00:00:00Z,RED STAR LINE,,,complete,2,16
14847,,,,,,,,,,,,,,,,,,,,1900-02-18T00:00:00Z,RED STAR LINE,,,complete,2,16
14854,,,,,,,,,,,,,,,,,,,,1900-02-01T00:00:00Z,OCEAN STEAMSHOP CO.,,,complete,2,20
14862,,,,,,,,,,,,,,,,,,,,1900-02-13T00:00:00Z,RED STAR LINE SS WESTERNLAND,,,complete,2,16
14863,,,,,,,,,,,,,,,,,,,,1900-02-13T00:00:00Z,RED STAR LINE,,,complete,2,22
14885,,,,,,,,,,,,,,,,,,,,1900-02-22T00:00:00Z,ROANOKE HOTEL,,,complete,2,30
14891,,,,,,,,,,,,,,,,,,,,1900-04-27T00:00:00Z,RIGGS HOUSE,,,complete,2,51
14898,,,,,,,,,,,,,,,,,,,,1900-05-01T00:00:00Z,BALTIMORE AND OHIO RR ROYAL BLUE LINE,DOLLARS,$,complete,2,98
14902,,,,,,,,,,,,,,,,,,,,1900-05-01T00:00:00Z,BALTIMORE AND OHIO RR ROYAL BLUE LINE,,,complete,2,28
14903,,,,,,,,,,,,,,,,,,,,1900-05-01T00:00:00Z,BALTIMORE AND OHIO RR ROYAL BLUE LINE,,,complete,2,28
15411,,,,,,,,,,,,,,,,,,,,1900-08-07T00:00:00Z,WHITE STAR LINE,,,complete,2,17
15440,,,,,,,,,,,,,,,,,,,,1900-05-23T00:00:00Z,TRANSPORTATION CLUB OF NEW YORK,,,complete,2,23
15443,,,,,,,,,,,,,,,,,,,,1900-05-24T00:00:00Z,BOHEMIAN CLUB,,,complete,2,19
15447,,,,,,,,,,,,,,,,,,,,1900-09-15T00:00:00Z,MENZIE'S HOTEL,,,complete,2,22
15448,,,,,,,,,,,,,,,,,,,,1900-09-15T00:00:00Z,HOTEL DE PARIS,,,complete,4,7
15452,,,,,,,,,,,,,,,,,,,,1900-10-04T00:00:00Z,HOTEL SCHWEIZERHOF LUCERNE,,,complete,2,11
15453,,,,,,,,,,,,,,,,,,,,1900-10-04T00:00:00Z,NEW YORK CLUB,,,complete,4,27
15458,,,,,,,,,,,,,,,,,,,,1900-10-21T00:00:00Z,GRISWOLD HOUSE,,,complete,2,48
15462,,,,,,,,,,,,,,,,,,,,1900-08-28T00:00:00Z,NIPPON YUSEN KAISHA,,,complete,2,18
15463,,,,,,,,,,,,,,,,,,,,1900-08-28T00:00:00Z,NIPPON YUSEN KAISHA,,,complete,2,14
15465,,,,,,,,,,,,,,,,,,,,1900-08-29T00:00:00Z,TOYO KISEN KAISHA,,,complete,2,25
15544,,,,,,,,,,,,,,,,,,,,1901-05-08T00:00:00Z,CIGAR LEAF TOBACCO BOARD OF TRADE OF THE UNITED STATES,,,complete,2,27
15545,,,,,,,,,,,,,,,,,,,,1901-05-08T00:00:00Z,CIGAR LEAF TOBACCO BOARD OF TRADE OF THE UNITED STATES,,,complete,2,27
15593,,,,,,,,,,,,,,,,,,,,1900-05-25T00:00:00Z,YORK HOTEL,,,complete,2,20
15597,,,,,,,,,,,,,,,,,,,,1900-05-26T00:00:00Z,MARSHALL A.NEWELL,,,complete,2,21
15604,,,,,,,,,,,,,,,,,,,,1900-05-01T00:00:00Z,SOUTHERN RAILWAY,,,complete,2,30
15609,,,,,,,,,,,,,,,,,,,,1900-07-04T00:00:00Z,NEW ROCKINGHAM,,,complete,8,70
15611,,,,,,,,,,,,,,,,,,,,1900-07-04T00:00:00Z,HOTEL COLORADO,,,complete,4,40
15612,,,,,,,,,,,,,,,,,,,,1900-07-04T00:00:00Z,ALTA VISTA HOTEL,,,complete,2,32
15618,,,,,,,,,,,,,,,,,,,,1900-10-07T00:00:00Z,NIPPON YUSEN KAISHA,,,complete,2,23
15626,,,,,,,,,,,,,,,,,,,,1900-08-11T00:00:00Z,NIPPON YUSEN KAISHA,,,complete,2,16
15627,,,,,,,,,,,,,,,,,,,,1900-08-11T00:00:00Z,NIPPON YUSEN KAISHA,,,complete,2,16
15641,,,,,,,,,,,,,,,,,,,,1900-09-01T00:00:00Z,SOUTHERN PACIFIC COMPANY DINING CAR SERVICE,DOLLARS,$,complete,2,67
15642,,,,,,,,,,,,,,,,,,,,1900-09-01T00:00:00Z,SOUTHERN PACIFIC COMPANY DINING CAR SERVICE,DOLLARS,$,complete,2,67
15648,,,,,,,,,,,,,,,,,,,,1900-05-01T00:00:00Z,SOUTHERN RAILWAY,,,complete,2,30
15701,,,,,,,,,,,,,,,,,,,,1900-11-29T00:00:00Z,STANTON HOUSE,,,complete,4,41
15704,,,,,,,,,,,,,,,,,,,,1900-11-29T00:00:00Z,STANTON HOUSE,,,complete,4,41
15769,,,,,,,,,,,,,,,,,,,,1901-04-27T00:00:00Z,HOTEL MARGARET,,,complete,2,33
15847,,,,,,,,,,,,,,,,,,,,1900-06-04T00:00:00Z,FROHNER'S HOTEL IMPERIAL,,,complete,4,13
16183,,,,,,,,,,,,,,,,,,,,1901-09-12T00:00:00Z,NORDDEUTSCHER LLOYD BREMEN,,,complete,2,12
16184,,,,,,,,,,,,,,,,,,,,1901-09-12T00:00:00Z,NORDDEUTSCHER LLOYD BREMEN,,,complete,2,12
16222,,,,,,,,,,,,,,,,,,,,1901-09-01T00:00:00Z,PULLMAN BUFFET,DOLLARS,$,complete,4,73
16223,,,,,,,,,,,,,,,,,,,,1901-09-01T00:00:00Z,PULLMAN BUFFET,DOLLARS,$,complete,4,73
16227,,,,,,,,,,,,,,,,,,,,1901-09-14T00:00:00Z,GRAND HOTEL ROYAL,,,complete,2,12
16310,,,,,,,,,,,,,,,,,,,,1901-06-29T00:00:00Z,PATTEN LINE,,,complete,2,10
16313,,,,,,,,,,,,,,,,,,,,1901-07-01T00:00:00Z,HOREL DEL CORONADO,,,complete,2,58
16315,,,,,,,,,,,,,,,,,,,,1901-07-02T00:00:00Z,HOTEL SEILER,,,complete,2,9
16370,,,,,,,,,,,,,,,,,,,,1907-11-30T00:00:00Z,GRAND HOTEL HUNGARIA,,,complete,2,15
17260,,,,,,,,,,,,,,,,,,,,1900-03-31T00:00:00Z,HADDON HALL,,,complete,2,60
17261,,,,,,,,,,,,,,,,,,,,1900-03-31T00:00:00Z,HADDON HALL,,,complete,2,55
17270,,,,,,,,,,,,,,,,,,,,1900-01-01T00:00:00Z,HOTEL DE FRANCE,,,complete,2,8
17277,,,,,,,,,,,,,,,,,,,,1900-08-24T00:00:00Z,HOTEL VICTORY,,,complete,2,33
17447,,,,,,,,,,,,,,,,,,,,1900-02-21T00:00:00Z,HASKIN'S RESTAURANT,DOLLARS,$,complete,2,83
17454,,,,,,,,,,,,,,,,,,,,1900-02-18T00:00:00Z,RED STAR LINE,,,complete,2,16
17462,,,,,,,,,,,,,,,,,,,,1900-02-01T00:00:00Z,OCEAN STEAMSHOP CO.,,,complete,2,20
17470,,,,,,,,,,,,,,,,,,,,1900-02-13T00:00:00Z,RED STAR LINE SS WESTERNLAND,,,complete,2,16
17471,,,,,,,,,,,,,,,,,,,,1900-02-13T00:00:00Z,RED STAR LINE,,,complete,2,22
17493,,,,,,,,,,,,,,,,,,,,1900-02-22T00:00:00Z,ROANOKE HOTEL,,,complete,2,30
17499,,,,,,,,,,,,,,,,,,,,1900-04-27T00:00:00Z,RIGGS HOUSE,,,complete,2,51
17504,,,,,,,,,,,,,,,,,,,,1900-05-01T00:00:00Z,BALTIMORE AND OHIO RR ROYAL BLUE LINE,DOLLARS,$,complete,2,98
17740,,,,,,,,,,,,,,,,,,,,1900-04-15T00:00:00Z,CAFE BOULEVARD,DOLLARS,$,complete,2,16
17788,,,,,,,,,,,,,,,,,,,,1900-06-14T00:00:00Z,NEW YORK YACHT CLUB,DOLLARS,$,complete,2,96
18012,,,,,,,,,,,,,,,,,,,,1900-08-07T00:00:00Z,WHITE STAR LINE,,,complete,2,17
18040,,,,,,,,,,,,,,,,,,,,1900-05-23T00:00:00Z,TRANSPORTATION CLUB OF NEW YORK,,,complete,2,23
18043,,,,,,,,,,,,,,,,,,,,1900-05-24T00:00:00Z,BOHEMIAN CLUB,,,complete,2,19
18047,,,,,,,,,,,,,,,,,,,,1900-09-15T00:00:00Z,MENZIE'S HOTEL,,,complete,2,22
18048,,,,,,,,,,,,,,,,,,,,1900-09-15T00:00:00Z,HOTEL DE PARIS,,,complete,4,7
18052,,,,,,,,,,,,,,,,,,,,1900-10-04T00:00:00Z,HOTEL SCHWEIZERHOF LUCERNE,,,complete,2,11
18053,,,,,,,,,,,,,,,,,,,,1900-10-04T00:00:00Z,NEW YORK CLUB,,,complete,4,27
18058,,,,,,,,,,,,,,,,,,,,1900-10-21T00:00:00Z,GRISWOLD HOUSE,,,complete,2,48
18062,,,,,,,,,,,,,,,,,,,,1900-08-28T00:00:00Z,NIPPON YUSEN KAISHA,,,complete,2,18
18064,,,,,,,,,,,,,,,,,,,,1900-08-28T00:00:00Z,NIPPON YUSEN KAISHA,,,complete,2,14
18065,,,,,,,,,,,,,,,,,,,,1900-08-29T00:00:00Z,TOYO KISEN KAISHA,,,complete,2,25
18114,,,,,,,,,,,,,,,,,,,,1901-05-21T00:00:00Z,WESTMINISTER HOTEL,,,complete,2,53
18115,,,,,,,,,,,,,,,,,,,,1901-05-21T00:00:00Z,WESTMINISTER HOTEL,,,complete,2,53
18192,,,,,,,,,,,,,,,,,,,,1900-05-25T00:00:00Z,YORK HOTEL,,,complete,2,20
18196,,,,,,,,,,,,,,,,,,,,1900-05-26T00:00:00Z,MARSHALL A.NEWELL,,,complete,2,21
18203,,,,,,,,,,,,,,,,,,,,1900-05-01T00:00:00Z,SOUTHERN RAILWAY,,,complete,2,30
