id, name, sponsor, event, venue_1, venue_2, venue_3, venue_4, venue_5, place, physical_description_1, physical_description_2, physical_description_3, physical_description_4, physical_description_5, physical_description_6, occassion_1, occassion_2, notes, call_number, date, location, currency, currency_symbol, status, page_count, dish_count, dish_count_calc
12465,,NORDDEUTSCHER LLOYD BREMEN,FRUHSTUCK-BREAKFAST,COMMERCIAL,,,,,DAMPFER KAISER WILHELM DER GROSSE,CARD, ILLU, COL, 5.5X8.0,,,,,"MENU IN GERMAN AND ENGLISH; ILLUS, STEAMSHIP AND SAILING VESSEL;",1900-2827,1900-04-16T00:00:00Z,NORDDEUTSCHER LLOYD BREMEN,,,complete,2,84,82
12466,,NORDDEUTSCHER LLOYD BREMEN,LUNCH,COMMERCIAL,,,,,DAMPFER KAISER WILHELM DER GROSSE,CARD, ILLU, COL, 5.5X8.0,,,,,"MENU IN GERMAN AND ENGLISH; ILLUS, HARBOR SCENE WITH SAILING VESSEL;",1900-2828,1900-04-16T00:00:00Z,NORDDEUTSCHER LLOYD BREMEN,,,complete,2,63,62
12467,,NORDDEUTSCHER LLOYD BREMEN,DINNER,COMMERCIAL,,,,,DAMPFER KAISER WILHELM DER GROSSE,FOLDER, ILLU, COL, 5.5X7.5,,,,,,1900-2829,1900-04-16T00:00:00Z,NORDDEUTSCHER LLOYD BREMEN,,,complete,4,33,32
12468,,CANADIAN PACIFIC RAILWAY COMPANY,DINNER,COMMERCIAL,,,,,"R.M.S. ""EMPRESS OF CHINA""",CARD, ILLUS, COL, 4.75X7.25,,,,,"ILLUS, RED AND WHITE CHECKERED FLAG;",1900-2831,1900-04-16T00:00:00Z,CANADIAN PACIFIC RAILWAY COMPANY,,,complete,2,37,36
12469,,HOTEL NETHERLAND,SUPPER,COMMERCIAL,,,,,"NEW YORK, NY",CARD, ILLUS, COL, 6.0X8.75,,,,,HOTEL CREST IN BLUE; PRICED MENU;,1900-2838,1900-04-16T00:00:00Z,HOTEL NETHERLAND,DOLLARS,$,complete,2,144,143
12471,,NORDDEUTSCHER LLOYD BREMEN,LUNCH,COMMERCIAL,,,,,DAMPFER KAISER WILHELM DER GROSSE,BROADSIDE, ILLUS, COL, 5.5X8.50,,,,,"MENU IN GERMAN AND ENGLISH; ILLUS, SAILING SHIP/SHEETS FURLED; STEAMSHIP;",1900-2840,1900-04-17T00:00:00Z,NORDDEUTSCHER LLOYD BREMEN,,,complete,2,67,65
12474,,ALPHA OF ZETA PSI,ANNUAL BANQUET,COMMERCIAL,,,,,"DELMONICO'S, NEW YORK, NY",BOOKLET, ILLUS, COL, 5.5X7.0,,,,,,1900-2844,1900-04-17T00:00:00Z,ALPHA OF ZETA PSI,DOLLARS,$,complete,12,38,37
12498,,CAFE BOULEVARD,SUNDAY DINNER,COMMERCIAL,,,,,156 SECOND AVENUE (NY?),CARD, COL, ILLUS, 5 X 7,,,,,PRIX FIXE DINNER; FOOD APPEARS TO BE HUNGARIAN;PALE BLUE; ORNAMENTAL BORDER;,1900-2903,1900-04-22T00:00:00Z,CAFE BOULEVARD,CENTS,c,complete,2,17,16
12502,,CUNARD LINE,LUNCHEON,COMMERCIAL,,,,,"R.M.S. ""LUCANIA""",CARD,ILL,COL,4.25X6.5,,,DAILY,,WINE LIST ON BACK;FLAG;,1900-2918,1900-04-23T00:00:00Z,CUNARD LINE,,,complete,2,90,89
12503,,POLICE DEPARTMENT OF THE CITY OF NEW YORK,SEVENTH ANNUAL DINNER,GOVT,,,,,DELMONICO'S,FOL, 4.75 X 7.25,,,,,,,,1888-0010,1888-01-23T00:00:00Z,POLICE DEPARTMENT OF THE CITY OF NEW YORK,,,complete,3,30,29
